Start Date;End Date;Response Type;IP Address;Progress;Duration (in seconds);Finished;Recorded Date;Response ID;Recipient Last Name;Recipient First Name;Recipient Email;External Data Reference;Location Latitude;Location Longitude;Distribution Channel;User Language;Q_RecaptchaScore;If you consent to participate in the study, please enter your Worker ID:;Q11 - How would you rate your current energy level?;Q11 - How would you rate your current mood?;How interested would you be in receiving the text message you just saw? Choose a rating from 1 (not at all interested) to 7 (extremely interested).;Do you have any feedback on this text? What works well, what could be improved?;Gender identity: how do you describe yourself? - Selected Choice;Gender identity: how do you describe yourself? - Prefer to self-describe gender (describe below) - Text;Assigned sex at birth: What sex were you assigned at birth, on your original birth certificate?;What is your race?;What is your age?;Please let us know if you faced any problems while going through this survey.;arm
22/09/21 09:45;22/09/21 09:46;IP Address;68.251.38.141;100;67;True;22/09/21 09:46;R_1MWDH7Ie5Marm3F;;;;;276.410.980.224.609.000;-8.047.820.281.982.420.000;anonymous;EN;1;A12IHTKQFQIPD1;High;High;3;none;Male;;Male;White;37;;5
22/09/21 09:45;22/09/21 09:46;IP Address;99.50.123.94;100;65;True;22/09/21 09:46;R_3qeuqPLBjeWTQV4;;;;;29.295.501.708.984.300;-9.479.599.761.962.890.000;anonymous;EN;1;A3QBWHBV4JSN7W;High;High;5;good;Male;;Male;African American;34;nothing;5
22/09/21 09:46;22/09/21 09:47;IP Address;50.231.89.215;100;59;True;22/09/21 09:47;R_2CEfgWCxfM8eoMc;;;;;299.761.962.890.625;-9.564.009.857.177.730.000;anonymous;EN;1;A2N9CAUS69SDHZ;High;High;5;"Clarify your ""come from."" ... Identify the facts. ... Move the person forward. ... Build accountability.";Female;;Female;White;48;GOOD;6
22/09/21 09:45;22/09/21 09:47;IP Address;73.18.16.208;100;94;True;22/09/21 09:47;R_ysgxbO3ULNN8U0x;;;;;427.263.946.533.203.000;-831.598.968.505.859.000;anonymous;EN;0.89999997615814208984375;A77K8W55MJEKX;High;High;6;the text promotes positive thinking and sounds encouraging;Female;;Female;Asian;49;;5
22/09/21 09:46;22/09/21 09:47;IP Address;157.51.0.225;100;75;True;22/09/21 09:47;R_8iEpE1hGNvEDXEJ;;;;;1.289.959.716.796.870;8.022.088.623.046.870;anonymous;EN;0.89999997615814208984375;ABOHRGENM4T6T;High;High;7;good;Male;;Male;African American;30;satisfied;5
22/09/21 09:46;22/09/21 09:47;IP Address;104.131.28.195;100;65;True;22/09/21 09:47;R_0cacAd4y9fGVD6F;;;;;40.836.395.263.671.800;-7.414.029.693.603.510.000;anonymous;EN;1;A3QNM5JKLV4MRE;High;High;6;good;Male;;Male;White;30;none;6
22/09/21 09:45;22/09/21 09:47;IP Address;47.203.18.116;100;94;True;22/09/21 09:47;R_1jNiBOf8Gppz7zf;;;;;2.789.300.537.109.370;-825.074.005.126.953.000;anonymous;EN;1;A2QTL039A5VV3I;High;High;4;Some people do need reminders about being clean.;Male;;Male;More than one race;30;;6
22/09/21 09:45;22/09/21 09:47;IP Address;196.17.65.167;100;136;True;22/09/21 09:47;R_R2cmPKzqOGFo2ul;;;;;340.543.975.830.078.000;-1.182.440.948.486.320.000;anonymous;EN;1;A1K63DWVK9EM69;High;High;7;very nice;Male;;Male;White;34;no;6
22/09/21 09:45;22/09/21 09:47;IP Address;70.121.186.12;100;150;True;22/09/21 09:47;R_2xStmcnO75Yma0c;;;;;295.825.958.251.953.000;-984.091.033.935.546.000;anonymous;EN;0.89999997615814208984375;A2RVFMCKSSEHDV;High;High;3;Just feel like it's not suited towards me. More suited to someone with severe depression.;Male;;Male;White;28;None;6
22/09/21 09:46;22/09/21 09:47;IP Address;154.22.58.28;100;94;True;22/09/21 09:47;R_2qadThpIxzAR42T;;;;;37.751.007.080.078.100;-9.782.199.859.619.140.000;anonymous;EN;1;A3TF6QVCGBL2I8;High;High;6;NICE;Female;;Male;White;48;NOTHING;5
22/09/21 09:46;22/09/21 09:47;IP Address;208.203.212.20;100;102;True;22/09/21 09:47;R_1gMdyewr7er1ilw;;;;;3.917.529.296.875;-7.719.460.296.630.850.000;anonymous;EN;0.89999997615814208984375;A3W3PV6XZ6RZ9N;High;High;7;I clean my teeth for whitening and I clean my hair for smooth and silk.;Male;;Male;White;46;nothing problem;6
22/09/21 09:45;22/09/21 09:48;IP Address;23.177.176.31;100;150;True;22/09/21 09:48;R_pEHfhTg2eEMxhQt;;;;;375.731.048.583.984.000;-12.205.390.167.236.300.000;anonymous;EN;0.89999997615814208984375;A1QFLCF85JZMNU;High;High;4;hard work and clarity;Female;;Female;White;53;no;6
22/09/21 09:46;22/09/21 09:48;IP Address;174.74.193.156;100;104;True;22/09/21 09:48;R_3lVPPIaGShRBXBb;;;;;336.067.962.646.484.000;-11.222.789.764.404.200.000;anonymous;EN;1;A2XQ3CFB5HT2ZQ;High;High;5;Maybe a little shorter. Otherwise seems good.;Female;;Female;White;58;;5
22/09/21 09:46;22/09/21 09:48;IP Address;174.110.240.220;100;83;True;22/09/21 09:48;R_2y7ONFhVLvGJ0dy;;;;;349.541.015.625;-78.739.501.953.125;anonymous;EN;1;AV5FCKI1TTSKR;High;High;6;If there were a way to personalize messaging based on data collected beforehand or through use over time.;Male;;Male;African American;47;;5
22/09/21 09:45;22/09/21 09:48;IP Address;76.16.94.12;100;172;True;22/09/21 09:48;R_1F3Zak5WJwg9Opz;;;;;412.816.925.048.828.000;-8.585.410.308.837.890.000;anonymous;EN;1;A2ROP5E1IBEYJE;High;High;7;Super;Male;;Male;African American;41;no;6
22/09/21 09:46;22/09/21 09:48;IP Address;147.124.215.167;100;136;True;22/09/21 09:48;R_3FV5jfkTiqq2ydZ;;;;;32.776.702.880.859.300;-9.680.500.030.517.570.000;anonymous;EN;0.800000011920928955078125;A39Z681C4CJS3Q;High;High;6;good;Male;;Male;African American;50;A39Z681C4CJS3Q;5
22/09/21 09:45;22/09/21 09:48;IP Address;208.195.20.92;100;158;True;22/09/21 09:48;R_3KC5DN3p2FEt0kc;;;;;37.751.007.080.078.100;-9.782.199.859.619.140.000;anonymous;EN;0.89999997615814208984375;A2ZYX5KPG0YXSA;High;High;6;NOTHING.;Male;;Male;White;41;YES, I HAVE NICE TIME.;5
22/09/21 09:45;22/09/21 09:48;IP Address;154.22.58.66;100;200;True;22/09/21 09:48;R_1jkbQ8fEQxUyzCr;;;;;37.751.007.080.078.100;-9.782.199.859.619.140.000;anonymous;EN;1;AM1SVKG1754Z9;High;High;5;NO FEEDBACK;Male;;Male;White;48;GOOD;6
22/09/21 09:47;22/09/21 09:48;IP Address;63.75.240.79;100;62;True;22/09/21 09:48;R_12o2rhJvUVkNle0;;;;;37.751.007.080.078.100;-9.782.199.859.619.140.000;anonymous;EN;0.89999997615814208984375;A3T03P9HCULC2S;High;High;5;NICE;Female;;Female;White;50;GOOD;6
22/09/21 09:45;22/09/21 09:48;IP Address;216.250.251.135;100;209;True;22/09/21 09:48;R_3r0Za05RH2BPE4B;;;;;454.817.047.119.140.000;-1.224.156.036.376.950.000;anonymous;EN;0.699999988079071044921875;A1T8BL3X9ELN4C;High;High;6;nothing;Male;;Male;White;40;no;5
22/09/21 09:47;22/09/21 09:49;IP Address;75.136.158.24;100;118;True;22/09/21 09:49;R_26o2y0I0YvaKG6G;;;;;345.251.007.080.078.000;-8.263.069.915.771.480.000;anonymous;EN;;A11W7R2O4RQSSS;High;High;6;;Female;;Female;White;26;;6
22/09/21 09:45;22/09/21 09:49;IP Address;68.32.62.151;100;248;True;22/09/21 09:49;R_20Y8BV3QvP2rI9F;;;;;42.644.195.556.640.600;-8.289.849.853.515.620;anonymous;EN;1;A19OCD2Q0K2U6M;High;High;5;;Male;;Male;White;58;;5
22/09/21 09:46;22/09/21 09:49;IP Address;74.193.11.50;100;157;True;22/09/21 09:49;R_1nPeHgyX795fsUq;;;;;30.438.995.361.328.100;-9.553.839.874.267.570.000;anonymous;EN;0.89999997615814208984375;ABO9F0JD9NN54;High;High;5;put a timer so you know when 15-30 seconds has gone by;Female;;Female;White;35;;6
22/09/21 09:46;22/09/21 09:49;IP Address;207.228.60.140;100;172;True;22/09/21 09:49;R_1NwhQoNLYPhFLE0;;;;;298.477.935.791.015.000;-956.598.968.505.859.000;anonymous;EN;1;A36BETX5G9BSZ2;High;High;5;Improve your time management.  Try to do important tasks first. Set clear goals.;Male;;Male;White;32;no;6
22/09/21 09:48;22/09/21 09:49;IP Address;50.231.89.131;100;56;True;22/09/21 09:49;R_1dLE54urpVVFWYJ;;;;;299.761.962.890.625;-9.564.009.857.177.730.000;anonymous;EN;0.89999997615814208984375;ASLYILSRRKWZV;High;High;6;its very good one;Male;;Male;White;34;ASLYILSRRKWZV;6
22/09/21 09:47;22/09/21 09:49;IP Address;147.124.215.166;100;110;True;22/09/21 09:49;R_1ff8Pixg6Z8RCq2;;;;;32.776.702.880.859.300;-9.680.500.030.517.570.000;anonymous;EN;0.89999997615814208984375;A12RN5YW7YBV5Z;High;High;6;GOOD ;Male;;Male;African American;35;NO ;5
22/09/21 09:46;22/09/21 09:49;IP Address;154.13.48.65;100;178;True;22/09/21 09:49;R_2zNmvWzC1jPp4Vl;;;;;40.694.000.244.140.600;-739.900.970.458.984.000;anonymous;EN;0.89999997615814208984375;ATCU8XJBX3GUG;High;High;7;INTERESTING MOOD AND IMPROVING KNOWLEDGE;Female;;Female;White;25;NOTHING;6
22/09/21 09:47;22/09/21 09:49;IP Address;37.163.43.110;100;139;True;22/09/21 09:49;R_3PNRxSvzYAxwSuw;;;;;431.479.034.423.828.000;121.096.954.345.703.000;anonymous;EN;1;A243MPGSWX1HPB;High;High;6;Maybe the text it's too enthusiastic and looks fake.;Female;;Female;White;26;;5
22/09/21 09:45;22/09/21 09:49;IP Address;73.186.65.43;100;249;True;22/09/21 09:49;R_2zApiK1fdlTviLa;;;;;42.982.696.533.203.100;-7.094.719.696.044.920.000;anonymous;EN;1;A2N1OLOMSG235U;High;High;7;My work is very improved and very interesting.;Female;;Female;White;35;YES.;5
22/09/21 09:48;22/09/21 09:50;IP Address;23.177.176.30;100;125;True;22/09/21 09:50;R_ykeI6IXsD1JjEoF;;;;;375.731.048.583.984.000;-12.205.390.167.236.300.000;anonymous;EN;0.89999997615814208984375;A1IZML127HL0W1;High;High;7;good;Male;;Male;White;31;not at all faced any problem ;5
22/09/21 09:46;22/09/21 09:50;IP Address;47.14.177.161;100;258;True;22/09/21 09:50;R_1hEZIagkAJjOWrA;;;;;422.917.022.705.078.000;-71.785.797.119.140.600;anonymous;EN;1;A3OROOE3DK6OZI;High;High;7;Yeah, All of works keep well.;Male;;Male;African American;35;;5
22/09/21 09:46;22/09/21 09:50;IP Address;157.33.19.224;100;285;True;22/09/21 09:50;R_3MrsAh1B95QptWz;;;;;1.897.210.693.359.370;728.246.002.197.265.000;anonymous;EN;0.89999997615814208984375;A14BSOU2Y5JNT0;High;High;6;A trivia fact about the teeth or hair will be a good add on.;Male;;Male;Asian;26;;6
22/09/21 09:47;22/09/21 09:51;IP Address;73.171.208.33;100;188;True;22/09/21 09:51;R_2fjkCm0CciFCgQ9;;;;;302.801.055.908.203.000;-8.141.649.627.685.540.000;anonymous;EN;1;A1YUCN3QUW81KU;High;High;6;very interesting ;Female;;Female;White;25;no;5
22/09/21 09:49;22/09/21 09:51;IP Address;147.124.215.167;100;127;True;22/09/21 09:51;R_3L1FRBdQTvtoyu3;;;;;32.776.702.880.859.300;-9.680.500.030.517.570.000;anonymous;EN;0.800000011920928955078125;A39Z681C4CJS3Q;High;High;6;nothing;Male;;Male;African American;50;nothing;5
22/09/21 09:50;22/09/21 09:51;IP Address;136.175.192.25;100;72;True;22/09/21 09:51;R_3iUWCS6aORO2Bhd;;;;;36.837.493.896.484.300;-7.609.760.284.423.820.000;anonymous;EN;0.800000011920928955078125;AYAQN9FSXO4QM;High;High;5;nice;Female;;Male;White;48;nothing;6
22/09/21 09:49;22/09/21 09:51;IP Address;184.105.109.194;100;112;True;22/09/21 09:51;R_1LhgrHBQsjjhwoU;;;;;375.625;-122.000.396.728.515.000;anonymous;EN;;A1XA2WZVXTTLOI;High;High;6;NA;Male;;Male;Asian;25;NA;5
22/09/21 09:45;22/09/21 09:51;IP Address;47.17.197.126;100;385;True;22/09/21 09:51;R_1GBQhbhC4fgZPlp;;;;;408.621.978.759.765.000;-7.389.019.775.390.620;anonymous;EN;1;A2J3ZZJY9QP0ET;High;High;5;;Female;;Female;White;31;;5
22/09/21 09:45;22/09/21 09:51;IP Address;196.17.66.18;100;356;True;22/09/21 09:51;R_1kXfCJMGbj2JmjV;;;;;340.543.975.830.078.000;-1.182.440.948.486.320.000;anonymous;EN;;A10NXSR0I4S8JW;High;High;6;we didn't brush the hair and otherwise it will be good. and it improves the whole mood fresh.;Female;;Female;White;60;no problem it was good;6
22/09/21 09:45;22/09/21 09:51;IP Address;173.89.105.62;100;371;True;22/09/21 09:51;R_AGJibOlNvwOCh45;;;;;415.146.026.611.328.000;-829.391.021.728.515.000;anonymous;EN;1;A1XMKV272H9NSI;High;High;6;I like;Male;;Male;African American;40;No;5
22/09/21 09:47;22/09/21 09:51;IP Address;73.98.19.110;100;275;True;22/09/21 09:51;R_28C0hx15ZONYVQw;;;;;35.187.103.271.484.300;-10.666.590.118.408.200.000;anonymous;EN;1;A64JDJKE9DYCT;High;High;1;I found it to be rather silly and irrelevant. How does brushing my teeth and hair help me with feeling better? I think the message would annoy me more than anything. I think the messages should be more relevant, in my opinion.;Male;;Male;White;31;;6
22/09/21 09:49;22/09/21 09:52;IP Address;147.124.215.166;100;130;True;22/09/21 09:52;R_1oFNdPQkVPiU9eo;;;;;32.776.702.880.859.300;-9.680.500.030.517.570.000;anonymous;EN;0.699999988079071044921875;A12RN5YW7YBV5Z;High;High;;YES;Male;;Male;African American;35;NO;5
22/09/21 09:45;22/09/21 09:52;IP Address;54.162.247.57;100;426;True;22/09/21 09:52;R_2Xgi0LlwYJ7KLWQ;;;;;38.658.294.677.734.300;-7.724.810.028.076.170.000;anonymous;EN;0.89999997615814208984375;A1HNGSL585NE83;High;High;7;Good Work...;Male;;Male;White;48;Nothing;5
22/09/21 09:45;22/09/21 09:52;IP Address;174.99.73.91;100;433;True;22/09/21 09:52;R_31WOOONYP3mv6ED;;;;;359.806.060.791.015.000;-7.884.259.796.142.570.000;anonymous;EN;0.89999997615814208984375;A2C9X7PFN88GM0;High;High;7;Mind details and health care improve;Male;;Male;African American;41;Nothing;5
22/09/21 09:51;22/09/21 09:53;IP Address;66.30.136.241;100;106;True;22/09/21 09:53;R_3NRobfc4iBmExkp;;;;;42.251.800.537.109.300;-7.108.049.774.169.920.000;anonymous;EN;1;AVMNFVZ19LD6Y;High;High;5;This improves my love towards me.;Female;;Female;White;25;nothing;6
22/09/21 09:46;22/09/21 09:53;IP Address;45.42.190.19;100;445;True;22/09/21 09:53;R_2dQ0UqJJrcCK3Ix;;;;;38.886.505.126.953.100;-7.709.110.260.009.760.000;anonymous;EN;0.4000000059604644775390625;A37CK6OESFC4KX;High;High;7;nice;Male;;Male;White;55;;6
22/09/21 09:51;22/09/21 09:53;IP Address;154.22.58.110;100;124;True;22/09/21 09:53;R_3lVr8SIkJiDnSg1;;;;;37.751.007.080.078.100;-9.782.199.859.619.140.000;anonymous;EN;0.4000000059604644775390625;A56J5OHML6XX5;High;High;6;GOOD;Female;;Female;White;48;GOOD;6
22/09/21 09:47;22/09/21 09:54;IP Address;72.203.142.94;100;419;True;22/09/21 09:54;R_1CfMTCan3sGghvO;;;;;303.607.940.673.828.000;-9.109.169.769.287.100.000;anonymous;EN;1;AHVUXEE5HERIR;High;High;4;Read on to learn strategies you can start implementing today to improve your job performance. ... For creative projects, Friday afternoons can work well.;Male;;Male;African American;32;AHVUXEE5HERIR;5
22/09/21 09:53;22/09/21 09:54;IP Address;72.241.62.50;100;44;True;22/09/21 09:54;R_3j8Vds0zCnpmMP0;;;;;41.600.494.384.765.600;-8.362.509.918.212.890.000;anonymous;EN;1;A1PR74OHURJNTO;High;High;4; ;Male;;Male;White;30;A1PR74OHURJNTO;5
22/09/21 09:46;22/09/21 09:54;IP Address;207.228.60.140;100;486;True;22/09/21 09:54;R_prUbrmxJ4ViTF05;;;;;298.477.935.791.015.000;-956.598.968.505.859.000;anonymous;EN;1;A36BETX5G9BSZ2;High;High;6;Read on to learn strategies you can start implementing today to improve your job performance.;Male;;Male;White;32;nothing;6
22/09/21 09:52;22/09/21 09:54;IP Address;68.11.179.32;100;133;True;22/09/21 09:54;R_20M3CFwLMFqKBie;;;;;301.011.962.890.625;-92.011.199.951.171.800;anonymous;EN;1;AW0MG225VXWCN;High;High;1;it shouldn't sound like a parent lecturing you as a child;Male;;Male;White;34;;6
22/09/21 09:53;22/09/21 09:55;IP Address;98.25.6.35;100;79;True;22/09/21 09:55;R_DIG4lzpuVq3prDH;;;;;341.416.015.625;-8.088.860.321.044.920.000;anonymous;EN;0.89999997615814208984375;AN0EDTRGBIQ7Z;High;High;6;already it is best;Female;;Female;White;25;none;6
22/09/21 09:49;22/09/21 09:55;IP Address;108.167.124.113;100;363;True;22/09/21 09:55;R_78HRhHxZ5TZWyt3;;;;;3.134.320.068.359.370;-8.584.400.177.001.950.000;anonymous;EN;1;A2CD144G9F1UJY;High;High;5;The survey is very good;Male;;Male;African American;39;A2CD144G9F1UJY;6
22/09/21 09:45;22/09/21 09:56;IP Address;73.186.65.43;100;622;True;22/09/21 09:56;R_3J7Ws6ulQWyiEZu;;;;;42.982.696.533.203.100;-7.094.719.696.044.920.000;anonymous;EN;1;A2N1OLOMSG235U;High;High;7;very interesting.;Female;;Female;White;35;No;5
22/09/21 09:53;22/09/21 09:56;IP Address;147.124.215.166;100;138;True;22/09/21 09:56;R_pEo5SQudhLifua5;;;;;32.776.702.880.859.300;-9.680.500.030.517.570.000;anonymous;EN;0.699999988079071044921875;A12RN5YW7YBV5Z;High;High;7;YES;Male;;Male;African American;35;NO;5
22/09/21 09:51;22/09/21 09:56;IP Address;66.187.8.62;100;267;True;22/09/21 09:56;R_29vwXGbH79h6OsU;;;;;36.837.493.896.484.300;-7.609.760.284.423.820.000;anonymous;EN;0.89999997615814208984375;A37RDN0YPMS5MN;High;High;6;The debate about feedback at work isn’t new. Since at least the middle of the last century, the question of how to get employees to improve has generated a good deal of opinion and research. But recently the discussion has taken on new intensity. The ongoing experiment in “radical transparency” at Bridgewater Associates and the culture at Netflix, which the Wall Street Journal recently described as “encouraging harsh feedback” and subjecting workers to “intense and awkward” real-time 360s, are but two examples of the overriding belief that the way to increase performance in companies is through rigorous, frequent, candid, pervasive, and often critical feedback.;Female;;Female;Asian;30;;5
22/09/21 09:54;22/09/21 09:56;IP Address;208.195.16.157;100;121;True;22/09/21 09:56;R_1ruDFAxmAKAcWDk;;;;;37.751.007.080.078.100;-9.782.199.859.619.140.000;anonymous;EN;0.4000000059604644775390625;A20I5CUNS0RQ1M;High;High;5;Good survey;Male;;Male;White;65;No;6
22/09/21 09:53;22/09/21 09:56;IP Address;47.221.103.148;100;212;True;22/09/21 09:56;R_3wvsaPEd8R0eVxv;;;;;301.212.005.615.234.000;-9.526.779.937.744.140.000;anonymous;EN;1;A3N7Y96326HYS8;High;High;5;good;Male;;Male;White;45;good;6
22/09/21 09:54;22/09/21 09:57;IP Address;45.42.190.19;100;204;True;22/09/21 09:57;R_3z2RxauGlzXccJH;;;;;38.886.505.126.953.100;-7.709.110.260.009.760.000;anonymous;EN;0.4000000059604644775390625;A37CK6OESFC4KX;High;High;7;very nice;Male;;Male;White;55;no;6
22/09/21 09:57;22/09/21 09:58;IP Address;185.199.226.37;100;43;True;22/09/21 09:58;R_cIQh6hLB7XjknUl;;;;;418.777.008.056.640.000;-87.637.603.759.765.600;anonymous;EN;0.89999997615814208984375;A3I8W5848LIHPC;High;High;7;Yes also improved;Male;;Male;White;25;None;6
22/09/21 09:57;22/09/21 09:58;IP Address;154.22.58.10;100;90;True;22/09/21 09:58;R_2zbUncaBfDCmupO;;;;;37.751.007.080.078.100;-9.782.199.859.619.140.000;anonymous;EN;0.89999997615814208984375;A2O1AJ1PIN9V0;High;High;6;good;Female;;Female;White;48;good;6
22/09/21 09:46;22/09/21 09:58;IP Address;38.111.180.18;100;763;True;22/09/21 09:58;R_1FLpwPt322ZrMmB;;;;;399.452.056.884.765.000;-829.738.006.591.796.000;anonymous;EN;0.89999997615814208984375;A7P3R1AIA4TVV;High;High;1;"I feel like this message is nagging me more than I would interpret it as helping me. I can picture myself reading it and thinking ""Great, one more thing to do"" and ignoring it.";Male;;Male;White;37;You have posted similar surveys in the past to this one, although the content is different. Since they are on different days, different pay rates, and different survey URLs, I can only assume they are meant to be different surveys. You threaten the people completing this research for you with rejections despite the vague and inconsistent way you've posted these. If you want to exclude people who've participated for you in the past, I suggest you enable that option available to you in both Mechanical Turk and Qualtrics. I trust I will be paid for my participation in your research and will not need to involve the Research Ethics Board at your university of the matter.;6
22/09/21 09:58;22/09/21 09:59;IP Address;45.23.53.204;100;35;True;22/09/21 09:59;R_rp6A10oPUMuEhFv;;;;;38.697.601.318.359.300;-903.603.973.388.671.000;anonymous;EN;1;A37KREDYGDTP4U;High;High;7;I don't have much;Male;;Male;White;29;;5
22/09/21 09:54;22/09/21 09:59;IP Address;104.37.175.112;100;328;True;22/09/21 09:59;R_22JlLTKoIALiRxm;;;;;32.776.702.880.859.300;-9.680.500.030.517.570.000;anonymous;EN;0.89999997615814208984375;A24OVFX1UXADT;High;High;7;improving;Male;;Male;African American;56;no;6
22/09/21 09:45;22/09/21 10:00;IP Address;66.187.8.37;100;886;True;22/09/21 10:00;R_21tyylXnejswGk9;;;;;36.837.493.896.484.300;-7.609.760.284.423.820.000;anonymous;EN;1;AWXFXIPE3CX4Z;High;High;6;Feedback is about telling people what we think of their performance and how they should do it better—whether they're giving an effective presentation, ...;Male;;Male;White;28;The answers you get by asking this question will help you understand the greatest problem your customers need help with. Sometimes, you may receive diverse ;5
22/09/21 09:59;22/09/21 10:00;IP Address;104.224.28.123;100;94;True;22/09/21 10:00;R_2pLV2FwTx8iLweV;;;;;4.078.759.765.625;-7.405.999.755.859.370;anonymous;EN;1;A20LKUNLGTTANZ;High;High;6;None;Male;;Male;White;25;None;6
22/09/21 09:59;22/09/21 10:01;IP Address;196.17.67.48;100;173;True;22/09/21 10:01;R_2wS4WwkDv5rKdV7;;;;;340.543.975.830.078.000;-1.182.440.948.486.320.000;anonymous;EN;0.800000011920928955078125;A2RC723C5UMX3Y;High;High;6;very well;Male;;Male;White;31;none;5
22/09/21 09:58;22/09/21 10:02;IP Address;63.161.76.154;100;235;True;22/09/21 10:02;R_3qyRdmrIw0FTNkX;;;;;390.019.073.486.328.000;-77.455.596.923.828.100;anonymous;EN;0.699999988079071044921875;A1H7NYNZ70KLKA;High;High;5;Well;Male;;Male;Asian;51;no;5
22/09/21 09:58;22/09/21 10:02;IP Address;54.245.6.243;100;265;True;22/09/21 10:02;R_1IxSVCexu4cM66x;;;;;458.271.942.138.671.000;-1.197.205.963.134.760.000;anonymous;EN;0.89999997615814208984375;A5DSDJLK8NZ4U;High;High;6;Well;Female;;Female;African American;32;A5DSDJLK8NZ4U;6
22/09/21 09:45;22/09/21 09:48;IP Address;177.138.204.56;100;153;True;22/09/21 10:03;R_2DU0A9RUzqGLSAI;;;;;-2.310.650.634.765.620;-47.177.093.505.859.300;anonymous;EN;0.89999997615814208984375;A9AP3ED0K8LS8;High;High;6;The text seems to have good intentions. It's straightforward, simple and effective. I believe that receiving such a notification would make my day at least 0.1% better.;Male;;Male;White;23;I didn't find any difficulties.;5
22/09/21 10:00;22/09/21 10:03;IP Address;3.133.97.38;100;162;True;22/09/21 10:03;R_23TuKa5e5d8znNa;;;;;39.962.493.896.484.300;-83.006.103.515.625;anonymous;EN;0.4000000059604644775390625;A3BOKBPGFIJ16O;High;High;5;;Male;;Male;White;36;No;5
22/09/21 09:55;22/09/21 10:04;IP Address;108.167.124.113;100;500;True;22/09/21 10:04;R_3Dpv9AKz2Pvwmb4;;;;;3.134.320.068.359.370;-8.584.400.177.001.950.000;anonymous;EN;0.89999997615814208984375;A2CD144G9F1UJY;High;High;5;The survey is very good;Male;;Male;African American;39;Nothing, The survey is very good.;5
22/09/21 09:47;22/09/21 10:04;IP Address;220.158.140.61;100;1002;True;22/09/21 10:04;R_20O3L2Fhi0fHsqx;;;;;1.114.239.501.953.120;77.342.193.603.515.600;anonymous;EN;0.89999997615814208984375;A382SL9ROIY1P6;High;High;6;;Male;;Male;Asian;25;;5
22/09/21 10:04;22/09/21 10:04;IP Address;136.175.192.13;100;43;True;22/09/21 10:04;R_1jlJQtcCdyTWgKT;;;;;36.837.493.896.484.300;-7.609.760.284.423.820.000;anonymous;EN;0.89999997615814208984375;ACTBTMLDKO7EB;High;High;6;good;Male;;Male;White;48;good;5
22/09/21 09:58;22/09/21 10:05;IP Address;100.18.31.90;100;414;True;22/09/21 10:05;R_3PtrrZd63bFYiWh;;;;;3.925.140.380.859.370;-767.978.973.388.671.000;anonymous;EN;0.89999997615814208984375;A281QLSASN8C5Q;High;High;7;"""Brush your teeth and hair and you might feel better about yourself.""";Female;;Female;White;25;Nice survey;5
22/09/21 09:55;22/09/21 10:05;IP Address;72.203.142.94;100;583;True;22/09/21 10:05;R_22LBdltYHII1XOy;;;;;303.607.940.673.828.000;-9.109.169.769.287.100.000;anonymous;EN;0.89999997615814208984375;AHVUXEE5HERIR;High;High;6;The survey is very good;Male;;Male;African American;32;Nothing, The survey is very good;5
22/09/21 09:45;22/09/21 10:05;IP Address;208.203.212.192;100;1204;True;22/09/21 10:05;R_2uDuzFJXKtD8Mfw;;;;;3.917.529.296.875;-7.719.460.296.630.850.000;anonymous;EN;0.89999997615814208984375;A29MZUGHESCS1F;High;High;6;;Female;;Female;White;52;N/A;5
22/09/21 10:06;22/09/21 10:07;IP Address;185.191.228.179;100;59;True;22/09/21 10:07;R_3HBM5aHwrZzT5dL;;;;;418.777.008.056.640.000;-87.637.603.759.765.600;anonymous;EN;1;A1RFECS63DTC3U;High;High;6;None;Male;;Male;White;25;None;6
22/09/21 09:50;22/09/21 10:07;IP Address;110.235.239.110;100;1014;True;22/09/21 10:07;R_1MQmxXt2BZbK0r3;;;;;28.654.205.322.265.600;772.373.046.875;anonymous;EN;1;A1KEA2Z47S3UPI;High;High;2;It felt a bit too light or cheap;Male;;Male;Asian;28;;6
22/09/21 10:05;22/09/21 10:09;IP Address;99.2.65.40;100;259;True;22/09/21 10:09;R_0JpoPZbYY1ZV5Hb;;;;;302.754.974.365.234.000;-815.814.971.923.828.000;anonymous;EN;1;A5WWHKD82I8UE;High;High;4;Maybe add something a little more cheerful.;Male;;Male;White;38;No issues. I am surprised at how short this survey was. Only one question. Even after pondering the question for a short while (15 to 30 seconds), I feel like there should have been more.;6
22/09/21 10:09;22/09/21 10:11;IP Address;185.191.228.163;100;105;True;22/09/21 10:11;R_1l9kXteCfvIzhaA;;;;;418.777.008.056.640.000;-87.637.603.759.765.600;anonymous;EN;0.89999997615814208984375;A65N7P7LMZ4GE;High;High;5;Energytic.;Male;;Male;White;30;No;6
22/09/21 10:10;22/09/21 10:12;IP Address;47.221.103.148;100;96;True;22/09/21 10:12;R_21tiCLQ6d50cxd7;;;;;301.212.005.615.234.000;-9.526.779.937.744.140.000;anonymous;EN;0.800000011920928955078125;A3N7Y96326HYS8;High;High;6;good;Male;;Female;White;45;none;5
22/09/21 10:11;22/09/21 10:13;IP Address;170.39.185.245;100;106;True;22/09/21 10:13;R_3mlsdV1CQWRKd4k;;;;;3.901.800.537.109.370;-7.753.900.146.484.370;anonymous;EN;0.89999997615814208984375;AQXZUVF2QWLYS;High;High;6;Doing more positive activities can make you feel better.;Male;;Male;White;30;None;5
22/09/21 10:12;22/09/21 10:14;IP Address;172.250.114.178;100;103;True;22/09/21 10:14;R_sAPMSElPC2LrtBL;;;;;33.979.400.634.765.600;-1.180.608.978.271.480.000;anonymous;EN;1;AQRKP48O0WKBW;High;High;1;it seems like a bland message ;Male;;Male;American Indian or Alaska Native;28;;6
22/09/21 10:13;22/09/21 10:14;IP Address;185.191.228.163;100;50;True;22/09/21 10:14;R_3nwk5sVtDAgOe84;;;;;418.777.008.056.640.000;-87.637.603.759.765.600;anonymous;EN;0.89999997615814208984375;A65N7P7LMZ4GE;High;High;6;Doing more positive activities can make you feel better;Male;;Male;White;30;None;5
22/09/21 09:54;22/09/21 10:14;IP Address;174.81.152.64;100;1205;True;22/09/21 10:14;R_x33qymIXBgrddtL;;;;;3.254.840.087.890.620;-8.546.820.068.359.370;anonymous;EN;0.89999997615814208984375;A1688C8839VYZZ;High;High;6;this text is good. it will come quickly. it's comfortable.;Male;;Male;African American;30;I didn't face any problem.;5
22/09/21 10:12;22/09/21 10:15;IP Address;73.130.10.108;100;179;True;22/09/21 10:15;R_1ooNhRMsvQksHra;;;;;402.743.988.037.109.000;-7.670.619.964.599.600.000;anonymous;EN;1;A110KENBXU7SUJ;High;High;2;It's not all that convincing and doesn't motivate me;Male;;Male;White;49;;6
22/09/21 10:07;22/09/21 10:15;IP Address;173.172.2.158;100;527;True;22/09/21 10:16;R_2P1XGLl474Y8b8t;;;;;331.371.002.197.265.000;-9.674.880.218.505.850.000;anonymous;EN;0.89999997615814208984375;A5RJAARS7IUFY;High;High;7;None almost very and like me.;Male;;Male;White;32;None very clear and like me.;5
22/09/21 10:14;22/09/21 10:17;IP Address;63.75.240.186;100;185;True;22/09/21 10:17;R_1gc1UAgAKUsmeAT;;;;;37.751.007.080.078.100;-9.782.199.859.619.140.000;anonymous;EN;0.800000011920928955078125;A1YRBQ8QV2A43M;High;High;4;good;Male;;Male;White;52;no;5
22/09/21 10:15;22/09/21 10:17;IP Address;73.7.188.71;100;165;True;22/09/21 10:17;R_2cbZP2L0C5u7zCR;;;;;339.329.986.572.265.000;-8.460.399.627.685.540.000;anonymous;EN;1;A2MW5S0XS0D5MN;High;High;2;It seems forceful;Female;;Female;African American;32;;6
22/09/21 10:16;22/09/21 10:18;IP Address;94.140.11.210;100;117;True;22/09/21 10:18;R_2tyTNuEccdpkf4y;;;;;257.689.056.396.484.000;-8.019.460.296.630.850.000;anonymous;EN;1;A1OZNS7TRQJRGT;High;High;5;no tanto;Male;;Male;White;27;;6
22/09/21 10:15;22/09/21 10:18;IP Address;172.98.188.22;100;218;True;22/09/21 10:18;R_3O3yGNEwjRhcbsR;;;;;373.650.970.458.984.000;-122.038.299.560.546.000;anonymous;EN;0.89999997615814208984375;A1Z7REQ4QXLKZI;High;High;6;good;Female;;Female;White;37;no;5
22/09/21 10:17;22/09/21 10:19;IP Address;185.191.228.167;100;129;True;22/09/21 10:19;R_20SWEYTo1YX3bvk;;;;;418.777.008.056.640.000;-87.637.603.759.765.600;anonymous;EN;1;A2TAIEZVVTMZ7I;High;High;6;no;Male;;Male;White;28;na;6
22/09/21 10:18;22/09/21 10:20;IP Address;73.0.232.150;100;76;True;22/09/21 10:20;R_6rIvUamJEtJHweR;;;;;2.599.200.439.453.120;-8.027.020.263.671.870;anonymous;EN;0.800000011920928955078125;A1LM8TKIGOA6BQ;High;High;5;good;Male;;Male;White;45;none;5
22/09/21 10:22;22/09/21 10:24;IP Address;71.71.48.245;100;101;True;22/09/21 10:24;R_2v6t8isZZKUBdBR;;;;;358.220.062.255.859.000;-8.026.149.749.755.850.000;anonymous;EN;0.89999997615814208984375;AR8O1107OAW4V;High;High;5;;Male;;Male;White;40;;6
22/09/21 10:11;22/09/21 10:12;IP Address;194.49.79.194;100;43;True;22/09/21 10:27;R_26kVm2Yf6QX9VHu;;;;;3.901.800.537.109.370;-7.753.900.146.484.370;anonymous;EN;1;A2F5DF3UGPZV9G;High;High;7;None;Male;;Male;White;28;;6
22/09/21 10:10;22/09/21 10:27;IP Address;75.130.215.221;100;1044;True;22/09/21 10:27;R_1FQxj09vc7UAa8H;;;;;388.025.054.931.640.000;-903.448.028.564.453.000;anonymous;EN;0.800000011920928955078125;A3TSRL11VR0B1J;High;High;6;Good;Female;;Female;White;42;good;5
22/09/21 10:27;22/09/21 10:28;IP Address;66.91.211.85;100;79;True;22/09/21 10:28;R_1itBQP6UY6jhB8y;;;;;212.816.925.048.828.000;-1.578.249.969.482.420.000;anonymous;EN;1;AV22FQTJNBUZT;High;High;5;No. It's simple and easy to read.;Female;;Female;White;41;;6
22/09/21 10:31;22/09/21 10:32;IP Address;208.203.212.108;100;74;True;22/09/21 10:32;R_25yWUAPLfcIgDhC;;;;;3.917.529.296.875;-7.719.460.296.630.850.000;anonymous;EN;1;A2YY4FR0IQVCCQ;High;High;7;good;Female;;Female;White;40;good;5
22/09/21 10:20;22/09/21 10:40;IP Address;174.255.6.99;100;1195;True;22/09/21 10:40;R_3BD5wh3WZUGMY8N;;;;;449.833.984.375;-9.326.219.940.185.540.000;anonymous;EN;1;A2Y87M8V0N1M6P;High;High;5;It is simple and straightforward, not improvement needed.;Female;;Female;White;30;;6
22/09/21 10:39;22/09/21 10:43;IP Address;8.46.123.67;100;270;True;22/09/21 10:43;R_1Ow5IAPgycoCcCb;;;;;407.487.945.556.640.000;-739.882.965.087.890.000;anonymous;EN;0.89999997615814208984375;A2SBZCFAVT83GN;High;High;5;No I do not have ;Male;;Male;White;40;;5
22/09/21 10:39;22/09/21 10:46;IP Address;12.205.151.223;100;376;True;22/09/21 10:46;R_2xJXA8DQJMsM0cS;;;;;377.808.990.478.515.000;-12.242.449.951.171.800;anonymous;EN;;A3HCWJBU0TWIY3;High;High;7;Text to be positive ,feeling good, its works well;Female;;Female;White;65;;5
22/09/21 10:49;22/09/21 10:51;IP Address;75.86.179.173;100;105;True;22/09/21 10:51;R_1H6OPh4Q5l883PL;;;;;430.818.023.681.640.000;-87.891.998.291.015.600;anonymous;EN;0.89999997615814208984375;AMXCTJO4953C0;High;High;7;;Male;;Male;African American;30;AMXCTJO4953C0;5
22/09/21 10:52;22/09/21 10:55;IP Address;196.17.66.149;100;158;True;22/09/21 10:55;R_9EK0iSDNOKG7brj;;;;;340.543.975.830.078.000;-1.182.440.948.486.320.000;anonymous;EN;;A24IMK09XGSC9O;High;High;7;it gives relief and stress free;Male;;Male;White;31;;6
22/09/21 10:56;22/09/21 10:58;IP Address;106.220.253.80;100;130;True;22/09/21 10:58;R_1mlv3SUr0UXI3aR;;;;;107.848.968.505.859.000;78.672.088.623.046.800;anonymous;EN;0.800000011920928955078125;A2GRJVN7B5YR96;High;High;5;my work is manager posting so i always improved my work based kwonledge.;Male;;Male;Asian;29;interesting survey;5
22/09/21 10:56;22/09/21 11:02;IP Address;179.174.33.141;100;344;True;22/09/21 11:02;R_bwkzqS7eYUZ5I4x;;;;;-236.282.958.984.375;-46.640.899.658.203.100;anonymous;EN;1;A1K8D80OVV7EX7;High;High;5;not a big impact on mood by doing this;Male;;Male;White;39;;6
22/09/21 10:45;22/09/21 11:09;IP Address;122.173.255.207;100;1462;True;22/09/21 11:09;R_24GjVKinMT3whPn;;;;;1.289.959.716.796.870;8.022.088.623.046.870;anonymous;EN;1;A1JCQ3A0NNNIF5;High;High;5;good;Male;;Male;Asian;33;nice work;6
22/09/21 10:50;22/09/21 11:09;IP Address;157.49.219.251;100;1189;True;22/09/21 11:09;R_3gTv15O6GqYM9gq;;;;;1.289.959.716.796.870;8.022.088.623.046.870;anonymous;EN;0.89999997615814208984375;ATBBPV37O4K6N;High;High;5;my job is manager i managed all worker.so i developed work base knowledge.;Female;;Male;Asian;37;one of the greatest survey;5
22/09/21 11:14;22/09/21 11:23;IP Address;54.215.236.43;100;513;True;22/09/21 11:23;R_30kLeNrZP4FJs7g;;;;;3.733.880.615.234.370;-1.218.916.015.625;anonymous;EN;1;A3VS1V03X312AU;High;High;6;Very Interesting. It works well, No need to upgrade anything.;Female;;Female;White;60;NO;6
22/09/21 11:25;22/09/21 11:30;IP Address;173.28.223.182;100;275;True;22/09/21 11:30;R_yVFYwyJUtbyxCZr;;;;;416.343.994.140.625;-91.505.401.611.328.100;anonymous;EN;1;A2AZYU1CT24O0K;High;High;2;The text mostly makes me feel frustrated as obviously I would do those things if it were an option.;Male;;Male;White;42;;5
22/09/21 11:45;22/09/21 11:48;IP Address;45.228.98.137;100;160;True;22/09/21 11:48;R_3J8HmKiMtptgVhs;;;;;-2.282.220.458.984.370;-434.311.981.201.171.000;anonymous;EN;1;A34O453D7VWWUK;High;High;5;;Female;;Female;African American;25;The survey should have a few more questions.;5